epoch,train_loss,val_loss,val_map,ema_map
0,35.83452606,12.23082256,0.00135047,0.00126555
1,10.29369354,7.24448061,0.01101887,0.00862795
2,7.44143486,6.02394676,0.17378147,0.16065152
3,6.06346416,5.25291252,0.41113669,0.38704973
4,5.76715088,5.72051764,0.36372408,0.43979198
5,5.23160076,5.17001057,0.44443059,0.51270157
6,4.93298054,4.96183205,0.50780600,0.54855794
7,4.91072369,4.57905197,0.58984274,0.57271653
8,4.57842112,4.54180431,0.60465693,0.59375834
9,4.54631662,4.55715847,0.66014522,0.66061062
10,4.79498196,4.36833858,0.68064487,0.67401797
11,4.43555784,4.35908365,0.66954845,0.67911661
12,4.88253927,4.48703957,0.64651442,0.69132769
13,4.22992039,4.24888706,0.68819714,0.69664103
14,4.51350594,4.26842690,0.66310197,0.69674975
15,4.16120911,4.24302530,0.68662244,0.70647228
16,4.03197241,4.37944555,0.67925358,0.70857608
17,4.26099586,4.16567659,0.68001050,0.71519381
18,4.04370785,4.12313843,0.67141366,0.71047699
19,4.01853132,4.14238548,0.68883485,0.71264362
20,3.95822906,4.33980417,0.66889083,0.71700108
21,3.88196588,3.98378563,0.69057578,0.71313608
22,3.93263149,4.00876570,0.68370265,0.71186006
23,3.76091433,3.82335210,0.70721751,0.71013933
24,3.74141479,4.14944315,0.68476170,0.71234375
25,3.61708975,4.05038643,0.69589508,0.71288115
26,3.94735289,3.99783945,0.69146723,0.71650040
27,3.71175456,3.85819888,0.71882832,0.72244596
28,3.65104342,4.00393820,0.71638304,0.71823674
29,3.50978231,3.85640812,0.71759611,0.72468174
30,3.58142781,3.84130239,0.70645285,0.70851552
31,3.42349243,4.12347317,0.70000190,0.70922917
32,3.50894570,4.02611732,0.70834130,0.72366482
33,3.51396680,3.76873636,0.71215153,0.71617866
34,3.43807483,3.75438523,0.71994489,0.73548448
35,3.37453938,3.85588455,0.73059911,0.73771393
36,3.52988148,3.83597231,0.72819710,0.74124402
37,3.38321185,3.93218160,0.71020842,0.73068249
38,3.45220327,3.82090211,0.71736121,0.73947096
39,3.24126673,3.94868016,0.71007419,0.72818947
40,3.13022757,4.00038004,0.72211528,0.73002625
41,3.18670440,3.77611351,0.70770538,0.72891045
42,3.32450533,3.68746305,0.73137951,0.72935838
43,3.24942231,3.76488924,0.72011721,0.73729539
44,3.12997675,3.73967886,0.72354448,0.73344278
45,3.24449682,3.81764603,0.71981376,0.73399365
46,3.15978312,3.74097133,0.73305720,0.73484194
47,3.23785901,3.80576944,0.73476326,0.73274714
48,3.17889047,3.72927761,0.72985768,0.73663241
49,3.18939495,3.80325985,0.72886097,0.73340362
50,3.14980602,3.78184867,0.73114991,0.73179245
51,3.07184076,3.73864293,0.71845943,0.73064381
