id,brand,occlusion
1,bartercard,2
2,atm,0
3,aon,0
4,mna_support_service,0
5,acs_group,1
6,romantica,0
7,paints_lacquers,0
8,chadlaw,1
9,aon,0
10,fairway,0
11,top_notch,0
12,mna_cladding,0
13,top_notch,0
14,bartercard,1
15,ellgren,0
16,klg,0
17,mcp,0
18,floor_tonic,0
19,atm,2
20,atm,0
21,acs_group,1
22,top_notch,1
23,mna_cladding,0
24,aon,0
25,top_notch,1
26,atm,1
27,em_workwear,1
28,em_workwear,1
29,mna_cladding,0
30,mna_cladding,0
31,paints_lacquers,0
32,cch,0
33,mna_cladding,0
34,bartercard,1
35,mna_support_service,0
36,em_workwear,1
37,atm,0
38,ellgren,0
39,floor_tonic,1
40,mcp,0
41,klg,0
42,chadlaw,0
43,romantica,0
44,ellgren,0
45,cch,0
46,chadlaw,0
47,cch,0
48,top_notch,0
49,atm,1
50,paints_lacquers,0
51,klg,0
52,acs_group,1
53,mcp,0
54,mcp,0
55,acs_group,1
56,top_notch,0
57,mna_cladding,0
58,ellgren,0
59,ellgren,0
60,fairway,0
61,em_workwear,0
62,bartercard,1
63,romantica,0
64,aon,0
65,floor_tonic,2
66,cch,0
67,klg,1
68,mcp,0
69,paints_lacquers,0
70,klg,0
71,mna_support_service,0
72,fairway,0
73,floor_tonic,1
74,top_notch,1
75,floor_tonic,0
76,paints_lacquers,0
77,mna_support_service,0
78,mna_cladding,0
79,fairway,0
80,klg,0
81,floor_tonic,2
82,top_notch,1
83,chadlaw,0
84,ellgren,0
85,mna_cladding,0
86,acs_group,1
87,paints_lacquers,0
88,klg,1
89,fairway,0
90,em_workwear,1
91,floor_tonic,1
92,floor_tonic,2
93,cch,0
94,mcp,0
95,aon,1
96,top_notch,2
97,aon,1
98,romantica,0
99,fairway,0
100,em_workwear,0
101,chadlaw,1
102,cch,0
103,atm,1
104,acs_group,1
105,acs_group,1
106,bartercard,1
107,ellgren,1
108,chadlaw,1
109,bartercard,1
110,mna_support_service,0
111,acs_group,0
112,klg,0
113,romantica,0
114,romantica,0
115,bartercard,1
116,romantica,0
117,mna_support_service,0
118,fairway,0
119,mna_cladding,0
120,floor_tonic,1
121,em_workwear,1
122,paints_lacquers,0
123,bartercard,0
124,aon,0
125,acs_group,0
126,klg,1
127,mna_support_service,0
128,cch,0
129,fairway,0
130,mna_support_service,0
131,romantica,0
132,paints_lacquers,1
133,mcp,0
134,ellgren,0
135,em_workwear,1
136,paints_lacquers,0
137,aon,0
138,bartercard,0
139,atm,0
140,aon,0
141,mcp,0
142,atm,0
143,mna_support_service,0
144,mcp,0
145,chadlaw,0
146,romantica,0
147,cch,0
148,chadlaw,0
149,em_workwear,0
150,ellgren,0
151,fairway,0
152,cch,1
153,chadlaw,0