id,brand,split,file,area_pct,height_px,aspect,edge_touch,intensity_sd
1,bartercard,train,M05_white_1080p_0010080_t00420419ms_jpg.rf.1WvcBd8nnRrWXZXcET5S.jpg,0.8902,130,1.092,0,64.1
2,atm,train,M11_black_1080p_0010300_t00206000ms_jpg.rf.quq2PueNs1X6Dt8f8CbH.jpg,0.0692,35,1.171,0,33.7
3,aon,test,M01_white_1080p_0005400_t00180000ms_jpg.rf.cYD6gbqLlTw3cHd0Yq72.jpg,0.0785,37,1.189,0,44.2
4,mna_support_service,train,M11_black_1080p_0002025_t00040500ms_jpg.rf.1i687JGMFApvq5qkpJoy.jpg,0.1789,53,1.321,0,23.4
5,acs_group,valid,M04_black_1080p_0003500_t00070000ms_jpg.rf.98iNEEq5uiIEDzNJLAz9.jpg,0.0791,36,1.241,0,54.3
6,romantica,train,clip_015_05-56_0000650_t00013000ms_jpg.rf.F0Rm548ktTxRjTmVpskj.jpg,0.3993,69,1.739,0,50.3
7,paints_lacquers,train,M04_black_1080p_0010600_t00212000ms_jpg.rf.KYpTtXprOUUTFC3No357.jpg,0.0581,30,1.26,0,42.1
8,chadlaw,valid,clip_015_03-18_0000132_t00005280ms_jpg.rf.DXzAQDYv6OVIhzvPd4oL.jpg,0.6248,108,1.091,0,63.3
9,aon,valid,M04_black_1080p_0014200_t00284000ms_jpg.rf.x3jEWIryNadtTtuPVcPl.jpg,0.3304,60,1.903,0,57.3
10,fairway,train,clip_006_03-01_0001510_t00060400ms_jpg.rf.uZNEJgkgqxN5cjiA5k45.jpg,0.0743,28,1.964,0,23.2
11,top_notch,valid,clip_025_07-02_0001188_t00047520ms_jpg.rf.WBTXfJZShEJwhFQevgD1.jpg,0.1609,47,1.511,0,38.5
12,mna_cladding,train,clip_008_05-25_0000240_t00009600ms_jpg.rf.JZDkgO5Wd6MZq4QV4ihC.jpg,0.0257,19,1.474,0,13.8
13,top_notch,valid,clip_021_04-36_0000432_t00017280ms_jpg.rf.jQuf2gEtHpy9VSykZV9R.jpg,0.2722,68,1.221,0,52.9
14,bartercard,train,clip_029_09-30_0000600_t00024000ms_jpg.rf.JhQGYhQe2Gsa08MEptM6.jpg,0.3994,91,1.0,0,44.1
15,ellgren,train,clip_034_08-46_0000390_t00013000ms_jpg.rf.umBtEtOxrHMUceTDMUQK.jpg,0.1519,50,1.26,0,62.1
16,klg,train,clip_010_06-24_0001020_t00040800ms_jpg.rf.hapB7PNnHHgZx3c615E9.jpg,0.1575,46,1.543,0,33.5
17,mcp,train,M05_white_1080p_0009588_t00399899ms_jpg.rf.x8JJIQFAKICu8cph1D2A.jpg,0.0984,34,1.765,0,63.0
18,floor_tonic,train,M04_black_1080p_0010425_t00208500ms_jpg.rf.Dw2teto17KNS4ESY6zhZ.jpg,0.2103,44,2.223,0,47.6
19,atm,train,clip_039_10-17_0000150_t00005000ms_jpg.rf.vq8SFjwgSORRfvDvvqCW.jpg,0.0589,26,1.808,0,34.4
20,atm,valid,M02_white_1440p_0000555_t00018500ms_jpg.rf.BzNTkByyKAasoSKax658.jpg,0.0667,41,1.463,0,51.4
21,acs_group,train,clip_023_06-06_0000552_t00022080ms_jpg.rf.LZL7cK3gcAPevyfulAS4.jpg,0.4297,81,1.358,0,46.3
22,top_notch,train,clip_021_04-36_0000132_t00005280ms_jpg.rf.ove5Dx1LWzV5KfcymryV.jpg,0.8861,105,1.667,0,45.2
23,mna_cladding,train,M11_black_1080p_0006000_t00120000ms_jpg.rf.mY05rK8NXikCbdoSpTtt.jpg,0.0658,31,1.419,0,24.4
24,aon,train,M04_black_1080p_0000750_t00015000ms_jpg.rf.ttq9TW2wDA59E0RcKXUw.jpg,0.0661,32,1.292,0,55.9
25,top_notch,valid,M05_white_1080p_0005640_t00235234ms_jpg.rf.yNpULDkBUTTjGviZr1Q0.jpg,0.5413,70,2.278,1,35.5
26,atm,train,M01_white_1080p_0009825_t00327500ms_jpg.rf.Sk93xfEvoKrHYhgfDKyn.jpg,0.9823,134,1.134,1,24.5
27,em_workwear,train,M04_black_1080p_0019775_t00395500ms_jpg.rf.iP3Nm60huK9sRRwlYm5r.jpg,0.0386,36,0.606,0,57.5
28,em_workwear,train,M04_black_1080p_0014825_t00296500ms_jpg.rf.QfszssXAR8EoystSLxY4.jpg,0.0649,34,1.117,0,40.4
29,mna_cladding,valid,clip_010_06-24_0000385_t00015400ms_jpg.rf.4VH64frcMEw4jaLeCW30.jpg,0.2305,59,1.373,0,19.8
30,mna_cladding,train,clip_010_06-24_0000330_t00013200ms_jpg.rf.m9fqWEls0pBFWLCOsF7B.jpg,0.217,60,1.25,0,20.3
31,paints_lacquers,train,M05_white_1080p_0007956_t00331831ms_jpg.rf.zRS914Jfs0H3obxIlzXv.jpg,0.0825,38,1.184,0,63.0
32,cch,valid,M04_black_1080p_0003850_t00077000ms_jpg.rf.VXc2v6Qxi8OrkrqnlPpa.jpg,0.1609,46,1.542,0,44.8
33,mna_cladding,valid,clip_008_03-11_0001975_t00039500ms_jpg.rf.szn9kqUndUtFkxA2zFKZ.jpg,0.1241,39,1.692,0,32.3
34,bartercard,train,clip_022_06-58_0000200_t00008000ms_jpg.rf.emt1V4FaPSrNzlJGSqyS.jpg,0.1751,55,1.2,0,44.4
35,mna_support_service,train,M01_white_1080p_0009915_t00330500ms_jpg.rf.x8lGMBupHBlPmop2JniB.jpg,0.0685,29,1.69,0,22.5
36,em_workwear,test,clip_004_01-14_0000210_t00007000ms_jpg.rf.00ODMsm0IYUgpwsBS4r2.jpg,0.0463,31,1.0,0,38.5
37,atm,train,clip_032_11-27_0000000_t00000000ms_jpg.rf.pmNQFggbXxIGUgNHe3jv.jpg,0.3711,74,1.405,0,61.2
38,ellgren,train,M01_white_1080p_0005550_t00185000ms_jpg.rf.GHhjd68PgY3YdkOP8w2E.jpg,0.0414,26,1.269,0,64.4
39,floor_tonic,train,M11_black_1080p_0006050_t00121000ms_jpg.rf.qmPdajpLPpoj6ENuSJT1.jpg,0.1429,52,1.096,0,52.2
40,mcp,train,M04_black_1080p_0004100_t00082000ms_jpg.rf.LtFD5NmKSVsaHjUDeg7U.jpg,0.2815,55,1.876,0,66.1
41,klg,valid,clip_010_06-24_0000050_t00002000ms_jpg.rf.pX0T19jqHPzIPVtquQGd.jpg,0.1312,40,1.7,0,26.8
42,chadlaw,train,clip_010_06-24_0001350_t00054000ms_jpg.rf.5MvBVtnnYcDSt4YsFD6k.jpg,0.3848,79,1.278,0,52.7
43,romantica,train,M05_white_1080p_0010260_t00427927ms_jpg.rf.9wKakQySjXMhptG2LIw6.jpg,0.6655,92,1.63,0,54.7
44,ellgren,train,clip_031_10-16_0000950_t00038000ms_jpg.rf.H7stadx6ZwBhVJQCES0D.jpg,0.2266,58,1.397,0,51.7
45,cch,train,clip_001_00-09_0000300_t00006000ms_jpg.rf.A3OGgrBI8v515rX0I2iy.jpg,0.1883,61,1.049,0,32.6
46,chadlaw,train,clip_031_10-16_0001000_t00040000ms_jpg.rf.fd2bgHVS2iXuDSLVWHPj.jpg,0.3299,76,1.184,0,49.2
47,cch,test,clip_005_01-25_0000090_t00003000ms_jpg.rf.lZ5eiy7CTZsD1HSqMAM7.jpg,0.0751,38,1.079,0,52.8
48,top_notch,train,M01_white_1080p_0009030_t00301000ms_jpg.rf.bMxytuUuzzu2OqwPGHpQ.jpg,0.2174,49,1.878,0,41.1
49,atm,train,M01_white_1080p_0010425_t00347500ms_jpg.rf.XXnx62nok8BqPXA5YR14.jpg,1.0002,122,1.393,0,36.7
50,paints_lacquers,train,M01_white_1080p_0018450_t00615000ms_jpg.rf.4ml8dfYnydWMcHpkvFeE.jpg,0.0747,43,0.837,0,52.7
51,klg,train,clip_006_01-34_0000090_t00003000ms_jpg.rf.eP5P6aI4akM23bNSl1lY.jpg,0.2765,63,1.444,0,73.5
52,acs_group,train,M04_black_1080p_0025450_t00509000ms_jpg.rf.klvsOODWJM2LsntXSwno.jpg,0.1972,46,1.866,0,56.4
53,mcp,train,clip_003_01-21_0000100_t00004000ms_jpg.rf.AIPjzuCZqbjm6J9PnrNr.jpg,0.0699,25,2.32,0,30.1
54,mcp,test,clip_007_02-22_0000050_t00002000ms_jpg.rf.f9AmqWceLRXRwg5bfTuv.jpg,0.0709,35,1.2,0,30.7
55,acs_group,train,clip_021_04-36_0000216_t00008640ms_jpg.rf.UsDWxw7wXyZ4Lz6T1EgY.jpg,0.6916,101,1.406,0,33.8
56,top_notch,train,M05_white_1080p_0007896_t00329328ms_jpg.rf.YMzMx0B8fsC9skhfcynT.jpg,0.1631,38,2.342,0,22.5
57,mna_cladding,valid,clip_010_06-24_0000385_t00015400ms_jpg.rf.4VH64frcMEw4jaLeCW30.jpg,0.2712,74,1.027,0,23.4
58,ellgren,train,clip_017_03-52_0000120_t00004800ms_jpg.rf.7ezJqLar8RKrDeN8Sfow.jpg,0.017,16,1.375,0,70.0
59,ellgren,valid,clip_001_00-13_0000300_t00012000ms_jpg.rf.MEJAyN9lSAG9rrowW3Vt.jpg,0.0375,20,1.815,0,65.5
60,fairway,test,clip_001_00-02_0000745_t00029800ms_jpg.rf.rAYLPEDU2ObxT0G4LAHp.jpg,0.0509,22,2.182,0,23.8
61,em_workwear,train,clip_038_10-01_0000150_t00005000ms_jpg.rf.CR2WsnCjAaW3VOKk71XZ.jpg,0.0302,19,1.737,0,38.1
62,bartercard,train,M05_white_1080p_0004332_t00180680ms_jpg.rf.33zuZHZ4iobAZ3dCAL5b.jpg,0.6125,100,1.27,0,60.9
63,romantica,train,M04_black_1080p_0001700_t00034000ms_jpg.rf.6f6jWSIxAcXaAOWxAtTJ.jpg,0.3762,57,2.388,0,69.7
64,aon,train,clip_002_00-52_0000025_t00000500ms_jpg.rf.yqPr4J3YNqyBEdJ868BH.jpg,0.0807,31,1.742,0,53.0
65,floor_tonic,valid,M04_black_1080p_0016650_t00333000ms_jpg.rf.tQ7GDmHm2vLBD5KTcR0C.jpg,0.3492,66,1.637,0,30.9
66,cch,train,M11_black_1080p_0000750_t00015000ms_jpg.rf.mPUn2dFQHyLUWDERAt3F.jpg,0.1749,49,1.51,0,30.2
67,klg,train,M04_black_1080p_0004100_t00082000ms_jpg.rf.LtFD5NmKSVsaHjUDeg7U.jpg,0.2632,48,2.297,0,74.1
68,mcp,train,M04_black_1080p_0008150_t00163000ms_jpg.rf.jeQH28jVDSVXXCWyqc3x.jpg,0.1902,43,2.039,0,73.8
69,paints_lacquers,train,clip_006_01-34_0000060_t00002000ms_jpg.rf.3qDvoR99eFzezMBMSQNE.jpg,0.1043,47,0.979,0,66.5
70,klg,valid,M02_white_1440p_0010470_t00349000ms_jpg.rf.v7CBcMzuiVMJAbQWa3DK.jpg,0.2715,77,1.688,0,60.9
71,mna_support_service,train,M04_black_1080p_0001700_t00034000ms_jpg.rf.6f6jWSIxAcXaAOWxAtTJ.jpg,0.2185,50,1.771,0,31.3
72,fairway,train,clip_020_05-56_0000625_t00025000ms_jpg.rf.KtaTNH3zlkdg1roeLazX.jpg,0.3301,58,2.034,0,46.5
73,floor_tonic,train,clip_023_05-48_0000120_t00004000ms_jpg.rf.wQwUR19i73vV962c7qij.jpg,0.054,32,1.094,0,50.4
74,top_notch,train,clip_023_06-06_0000684_t00027360ms_jpg.rf.fwMRjmFNIWtlZb1vYhHg.jpg,0.1575,46,1.543,0,27.5
75,floor_tonic,valid,M04_black_1080p_0009675_t00193500ms_jpg.rf.GRne2wRPp2TlL1EXnWiH.jpg,0.0972,28,2.399,0,47.3
76,paints_lacquers,train,clip_011_04-26_0001525_t00030500ms_jpg.rf.xtwmdAnbFb3MB6nxzVs4.jpg,0.1404,52,1.077,0,54.8
77,mna_support_service,train,clip_007_01-48_0000090_t00003000ms_jpg.rf.aVVFIECr9OXujdBsVI01.jpg,0.386,69,1.681,0,29.4
78,mna_cladding,train,clip_005_01-50_0000575_t00011500ms_jpg.rf.hwcjdSf47PBuhbXg5NVd.jpg,0.0738,30,1.7,0,22.1
79,fairway,train,clip_001_00-02_0000755_t00030200ms_jpg.rf.ICQSigtWeIeujTE6Yt4k.jpg,0.0499,23,1.957,0,28.5
80,klg,test,clip_022_06-58_0000125_t00005000ms_jpg.rf.mDbMVIG5cOlgbJain8Kk.jpg,0.3099,63,1.619,0,49.6
81,floor_tonic,train,M11_black_1080p_0000900_t00018000ms_jpg.rf.FvovX1IZmJs5wWqTcNSF.jpg,0.2031,52,1.558,0,20.9
82,top_notch,train,M01_white_1080p_0006105_t00203500ms_jpg.rf.SNJJKzqgcFLVg8V7DM1e.jpg,0.7937,109,1.385,0,63.3
83,chadlaw,train,clip_021_04-36_0000252_t00010080ms_jpg.rf.UM7xACE2SPDULgcLraml.jpg,0.2664,59,1.578,0,65.0
84,ellgren,train,M11_black_1080p_0010375_t00207500ms_jpg.rf.cbxxyyQicXz3yZL0Se1c.jpg,0.0326,26,1.0,0,56.1
85,mna_cladding,train,clip_011_04-26_0000675_t00013500ms_jpg.rf.NeTbRsXR2bpaiBsgUv60.jpg,0.1287,58,0.793,0,27.5
86,acs_group,train,M04_black_1080p_0025775_t00515500ms_jpg.rf.T6rE2s4dSPtaiXnNdXPI.jpg,0.1513,43,1.669,0,47.7
87,paints_lacquers,train,M04_black_1080p_0000525_t00010500ms_jpg.rf.Us6sLvud4G4nNRfqjYs1.jpg,0.0949,41,1.169,0,36.0
88,klg,test,M01_white_1080p_0002295_t00076500ms_jpg.rf.ZWC1t3XuGWTh4iyxKXDR.jpg,0.0354,21,1.667,0,65.3
89,fairway,train,clip_015_05-56_0000425_t00008500ms_jpg.rf.Zo8jU586R44J6SuwZlnj.jpg,0.3354,61,1.869,0,30.9
90,em_workwear,train,clip_028_06-46_0000210_t00007000ms_jpg.rf.NvxIUfNETl48dYQGe8YY.jpg,0.0612,47,0.574,0,39.5
91,floor_tonic,train,M11_black_1080p_0008725_t00174500ms_jpg.rf.pbmhhicyh1RcMNgQziCr.jpg,0.3154,60,1.817,0,39.5
92,floor_tonic,train,M04_black_1080p_0005525_t00110500ms_jpg.rf.rAvSp3Fi7ljjj4X2J6wh.jpg,0.3623,60,2.038,1,45.6
93,cch,train,M05_white_1080p_0000264_t00011011ms_jpg.rf.aNSIUIK4uXMjFy3a3LAK.jpg,0.0578,33,1.045,0,25.9
94,mcp,valid,M05_white_1080p_0007116_t00296796ms_jpg.rf.3AfAbPB342tknz7BFrhs.jpg,0.1033,34,1.853,0,38.3
95,aon,train,clip_001_00-02_0000100_t00004000ms_jpg.rf.3UkgAZC8SjQS5BVNnjnR.jpg,0.0508,31,1.097,0,53.5
96,top_notch,train,clip_029_09-04_0000048_t00001920ms_jpg.rf.kI57XtCvh4cFVQHwhSLv.jpg,0.0853,34,1.529,0,40.5
97,aon,train,clip_028_08-42_0000156_t00006240ms_jpg.rf.puyj0IShCpYZMVGLSdSu.jpg,0.1045,38,1.5,0,52.5
98,romantica,train,clip_037_09-52_0000120_t00004000ms_jpg.rf.zzPe7o5vK2mig3KRjOgp.jpg,0.2182,58,1.345,0,83.8
99,fairway,valid,clip_006_03-01_0000250_t00010000ms_jpg.rf.0e791SSWsOMP3e21YMdr.jpg,0.0711,25,2.36,0,21.5
100,em_workwear,train,clip_008_02-31_0000050_t00002000ms_jpg.rf.KkS0tNc8US4BdDbe7NiJ.jpg,0.0658,31,1.419,0,51.0
101,chadlaw,train,M04_black_1080p_0006375_t00127500ms_jpg.rf.C4QrMAAA0aivZF8nVMuk.jpg,0.5027,82,1.516,0,26.9
102,cch,train,clip_005_01-50_0000475_t00009500ms_jpg.rf.jx8G5rbO4d6a2u7Dm9hV.jpg,0.1567,50,1.3,0,35.2
103,atm,valid,M01_white_1080p_0006060_t00202000ms_jpg.rf.nEsks1UL3zHu1vPwEOha.jpg,1.2828,133,1.504,0,29.3
104,acs_group,train,M04_black_1080p_0011375_t00227500ms_jpg.rf.oQyp63ClqWJbzy19RLVl.jpg,0.7639,105,1.417,0,52.3
105,acs_group,train,M04_black_1080p_0002875_t00057500ms_jpg.rf.N9Bfvnec7bBxrBvTvEmK.jpg,0.7982,133,0.924,0,54.8
106,bartercard,valid,clip_004_00-50_0000072_t00002880ms_jpg.rf.xMkHsYYFV888WqzDlvib.jpg,1.7292,166,1.301,1,63.7
107,ellgren,train,M05_white_1080p_0000804_t00033533ms_jpg.rf.J2FqvISZKnQDPUjKZLLG.jpg,0.0473,28,1.25,0,50.3
108,chadlaw,test,M02_white_1440p_0013905_t00463500ms_jpg.rf.Dbg8aj94F9YGzQPOzYw2.jpg,0.7053,125,1.664,0,71.6
109,bartercard,train,M04_black_1080p_0017225_t00344500ms_jpg.rf.eywyCB2o4bnP3gTk4myL.jpg,0.1259,43,1.353,0,39.7
110,mna_support_service,train,M04_black_1080p_0010450_t00209000ms_jpg.rf.CWGsj2Tew73FtaWsv9Qo.jpg,0.0573,26,1.636,0,23.5
111,acs_group,test,clip_006_03-01_0001160_t00046400ms_jpg.rf.RzhzU9yJeurtYqhduLAm.jpg,0.1076,36,1.722,0,26.6
112,klg,train,clip_006_03-01_0001175_t00047000ms_jpg.rf.RSVpxQEhsQzUllufAmRv.jpg,0.1225,33,2.333,0,35.4
113,romantica,train,clip_010_06-24_0000420_t00016800ms_jpg.rf.nLA1CB533NVTvo5AoOpn.jpg,0.2442,83,0.735,0,60.6
114,romantica,train,clip_010_06-24_0000330_t00013200ms_jpg.rf.m9fqWEls0pBFWLCOsF7B.jpg,0.2962,74,1.122,0,53.2
115,bartercard,train,clip_005_01-50_0000150_t00003000ms_jpg.rf.FNaMUYTgZ17G3iSvISn6.jpg,0.4159,98,0.898,0,56.0
116,romantica,train,clip_021_04-36_0000456_t00018240ms_jpg.rf.X2blsM8b8ocCZAxnIb2F.jpg,0.0488,22,2.091,0,69.4
117,mna_support_service,train,M01_white_1080p_0005715_t00190500ms_jpg.rf.wweFGYr4OK2o4zwfvX9F.jpg,0.1634,44,1.75,0,46.1
118,fairway,train,clip_001_00-09_0000050_t00001000ms_jpg.rf.YpZpCOZDrULq6Dh74ZAA.jpg,0.0446,21,2.095,0,31.4
119,mna_cladding,test,clip_010_06-24_0000380_t00015200ms_jpg.rf.WyY1pPnV7Zl6cUXlQRrV.jpg,0.2464,73,0.959,0,22.6
120,floor_tonic,train,clip_028_06-46_0000150_t00005000ms_jpg.rf.Cv0MJ2JZkR3qoMxgARFi.jpg,0.2005,42,2.357,0,41.6
121,em_workwear,train,clip_005_02-20_0000140_t00005600ms_jpg.rf.yrqwYzT6PC3YGY2TfNou.jpg,0.0629,29,1.552,0,22.9
122,paints_lacquers,valid,M04_black_1080p_0010225_t00204500ms_jpg.rf.vtcWIxeX7VluOFhqnMLB.jpg,0.1145,46,1.118,0,46.3
123,bartercard,train,clip_013_03-21_0000150_t00005000ms_jpg.rf.YOCkVM7fkhIsFRrxNabt.jpg,0.0828,33,1.576,0,42.5
124,aon,train,clip_013_05-17_0001100_t00022000ms_jpg.rf.5by7CVf0RLwpDRo9sFXh.jpg,0.0849,32,1.719,0,42.2
125,acs_group,train,M04_black_1080p_0000700_t00014000ms_jpg.rf.akrA2W2XWXjcmpx50xFK.jpg,0.1525,47,1.429,0,48.1
126,klg,train,clip_003_00-42_0000024_t00000960ms_jpg.rf.fVo1kqormhlXlq4DQWzg.jpg,0.0853,36,1.357,0,53.6
127,mna_support_service,train,clip_009_02-34_0000060_t00002000ms_jpg.rf.23TkCxl4KGaElgd6KElZ.jpg,0.1943,53,1.434,0,33.7
128,cch,train,clip_015_05-56_0001000_t00020000ms_jpg.rf.g0nsBtnajUHcGmQ9aEm4.jpg,0.1237,45,1.267,0,42.9
129,fairway,train,clip_034_08-46_0000300_t00010000ms_jpg.rf.QM196feNB5b1euftMhUN.jpg,0.2307,52,1.769,0,48.5
130,mna_support_service,test,M05_white_1080p_0002448_t00102101ms_jpg.rf.wNsBg0rhTMtzecy7733R.jpg,0.1054,38,1.493,0,21.4
131,romantica,train,M05_white_1080p_0002964_t00123623ms_jpg.rf.YldcHu12JDjx0A3ifCUk.jpg,1.1154,118,1.661,0,34.8
132,paints_lacquers,train,clip_031_10-16_0000700_t00028000ms_jpg.rf.h0puRIU4hrUUA4SKZkVk.jpg,0.089,41,1.098,0,57.6
133,mcp,train,clip_006_03-01_0001510_t00060400ms_jpg.rf.uZNEJgkgqxN5cjiA5k45.jpg,0.2633,53,1.943,0,43.5
134,ellgren,train,M02_white_1440p_0006435_t00214500ms_jpg.rf.owdRcxcuSlcnPP9CB5g3.jpg,0.0917,52,1.25,0,61.8
135,em_workwear,valid,M04_black_1080p_0025550_t00511000ms_jpg.rf.P3R18sSvKpbylPcn3XFu.jpg,0.0671,24,2.364,0,53.0
136,paints_lacquers,train,clip_007_01-22_0000180_t00007200ms_jpg.rf.dC8jFRxQsRzFhKQKUZ2q.jpg,0.0352,31,0.738,0,60.5
137,aon,test,clip_023_05-48_0000000_t00000000ms_jpg.rf.EjjI5zz4UqJdyPhlUtb1.jpg,0.0679,32,1.375,0,56.2
138,bartercard,train,clip_008_05-25_0000025_t00001000ms_jpg.rf.5Fu4czwrWjCUwDNtH23X.jpg,0.1427,51,1.137,0,14.7
139,atm,train,clip_009_05-37_0000085_t00003400ms_jpg.rf.iBOXYFA6Ac2B5WsOzSQU.jpg,0.0194,13,2.385,0,16.7
140,aon,valid,clip_030_07-57_0000210_t00007000ms_jpg.rf.CBSm0QUiGYmb7kimSu3e.jpg,0.0421,23,1.652,0,61.4
141,mcp,train,M04_black_1080p_0005850_t00117000ms_jpg.rf.lyQiDwma6TMQFWcLsZcu.jpg,0.1859,43,2.041,0,67.5
142,atm,train,M11_black_1080p_0002900_t00058000ms_jpg.rf.oPwtJXHaBzVBBLHU4IPJ.jpg,0.066,36,1.056,0,25.3
143,mna_support_service,train,M04_black_1080p_0018025_t00360500ms_jpg.rf.u63TUBgB2OIFDkRUEDhc.jpg,0.3034,63,1.563,0,43.4
144,mcp,train,clip_009_05-37_0000070_t00002800ms_jpg.rf.ww13wSUhTDYfk8bIppfI.jpg,0.0987,33,1.879,0,44.9
145,chadlaw,train,clip_016_03-47_0000090_t00003000ms_jpg.rf.k01kalSEMCHv0svCPzNr.jpg,0.4283,83,1.289,0,71.3
146,romantica,train,clip_015_03-18_0000192_t00007680ms_jpg.rf.MFnGerg82aj7TB45WFrF.jpg,0.5172,65,2.538,1,19.1
147,cch,train,M04_black_1080p_0019600_t00392000ms_jpg.rf.G9haKuirIISzpgQUSpJ5.jpg,0.115,41,1.387,0,37.3
148,chadlaw,train,clip_005_01-50_0002025_t00040500ms_jpg.rf.mgOjiouEc8zU9gdgr9Gp.jpg,0.7422,95,1.705,0,63.5
149,em_workwear,train,clip_006_03-01_0001035_t00041400ms_jpg.rf.4enramGcCi8AMuuZFb0f.jpg,0.066,37,1.0,0,30.9
150,ellgren,valid,M04_black_1080p_0018100_t00362000ms_jpg.rf.dmRpPoCx4MaajHbXW5Fg.jpg,0.4531,81,1.404,0,68.3
151,fairway,train,clip_022_05-36_0000144_t00005760ms_jpg.rf.5SEj449MFprYEZJjyunR.jpg,0.0247,17,1.669,0,28.8
152,cch,train,M04_black_1080p_0011125_t00222500ms_jpg.rf.yjVIGK6octm9Y3024sL5.jpg,0.0788,36,1.206,0,44.9
153,chadlaw,train,M02_white_1440p_0007170_t00239000ms_jpg.rf.MKkKzO3yAKfcS8tmG8ic.jpg,0.603,117,1.624,0,55.0
