match,frame_pos,track_id,system_label,judgment,note
M01,55,136,TARGET,correct,
M01,55,141,TARGET,correct,
M01,55,143,TARGET,correct,
M01,75,210,TARGET,correct,
M01,75,271,TARGET,correct,
M01,75,230,OTHER,correct,
M01,75,249,OTHER,wrong,own white kit labeled opponent
M01,95,399,TARGET,correct,
M01,95,407,OTHER,correct,
M01,95,398,OTHER,correct,
M01,95,384,OTHER,correct,
M02,55,189,TARGET,correct,
M02,55,155,TARGET,correct,
M02,55,1,TARGET,correct,
M02,55,181,TARGET,correct,
M02,55,84,OTHER,correct,
M02,55,5,OTHER,correct,referee
M02,55,183,OTHER,correct,
M02,75,229,TARGET,correct,
M02,75,235,TARGET,correct,
M02,95,277,TARGET,correct,
M02,95,269,TARGET,correct,
M02,95,272,TARGET,correct,
M02,95,274,TARGET,wrong,opponent maroon kit labeled target
M02,95,287,TARGET,wrong,opponent maroon kit labeled target
M02,95,308,OTHER,correct,
M02,95,346,OTHER,correct,
M02,95,360,OTHER,correct,
M02,95,348,OTHER,correct,
M02,95,317,OTHER,correct,
M02,95,270,OTHER,correct,
M02,95,280,OTHER,correct,
M02,95,282,OTHER,correct,
M02,95,345,OTHER,correct,
M02,95,356,OTHER,correct,
M03,55,69,TARGET,correct,
M03,55,63,OTHER,wrong,own black kit labeled opponent
M03,55,81,OTHER,correct,
M03,55,67,OTHER,correct,
M03,75,174,TARGET,wrong,opponent white kit labeled target
M03,75,155,TARGET,correct,
M03,75,182,TARGET,correct,
M03,75,197,OTHER,wrong,own black kit labeled opponent
M03,75,188,OTHER,correct,
M03,75,183,OTHER,correct,
M03,75,195,OTHER,correct,
M03,95,212,TARGET,correct,
M03,95,240,OTHER,correct,
M04,55,56,TARGET,correct,
M04,55,57,TARGET,correct,
M04,55,52,TARGET,correct,
M04,75,82,TARGET,correct,
M04,75,73,TARGET,correct,
M04,75,72,TARGET,correct,
M04,75,62,TARGET,correct,
M04,75,84,OTHER,correct,
M04,75,90,OTHER,correct,
M04,95,115,TARGET,correct,
M04,95,97,OTHER,correct,
M04,95,90,OTHER,correct,
M04,95,117,OTHER,correct,
M05,55,156,TARGET,correct,
M05,55,149,TARGET,correct,
M05,55,154,TARGET,wrong,sideline steward hi-vis labeled target
M05,55,159,TARGET,wrong,sideline steward hi-vis labeled target
M05,55,153,OTHER,correct,
M05,55,150,OTHER,correct,
M05,55,179,OTHER,correct,
M05,55,155,OTHER,correct,
M05,55,177,OTHER,correct,
M05,55,161,OTHER,correct,
M05,55,174,OTHER,correct,sideline staff
M05,55,160,OTHER,correct,sideline staff
M05,55,185,OTHER,correct,sideline staff
M05,55,190,OTHER,correct,sideline staff
M05,55,165,OTHER,correct,sideline staff
M05,75,349,TARGET,correct,
M05,75,224,TARGET,correct,
M05,75,214,TARGET,correct,
M05,75,206,TARGET,correct,
M05,75,299,TARGET,correct,
M05,75,341,TARGET,correct,
M05,75,249,TARGET,correct,
M05,75,339,TARGET,correct,
M05,75,241,OTHER,correct,
M05,75,205,OTHER,correct,
M05,75,213,OTHER,correct,
M05,75,229,OTHER,correct,
M05,75,316,OTHER,correct,
M05,75,298,OTHER,correct,
M05,75,368,OTHER,correct,steward
M05,95,471,TARGET,correct,
M05,95,476,TARGET,correct,
M05,95,465,TARGET,correct,
M05,95,475,TARGET,correct,
M05,95,474,TARGET,correct,
M05,95,455,TARGET,correct,
M05,95,468,TARGET,correct,
M05,95,464,TARGET,wrong,referee labeled target
M05,95,486,OTHER,correct,
M05,95,452,OTHER,correct,
M05,95,454,OTHER,correct,
M05,95,459,OTHER,correct,
M05,95,453,OTHER,correct,
M05,95,462,OTHER,correct,
M05,95,458,OTHER,correct,
M05,95,466,OTHER,correct,
M05,95,492,OTHER,correct,
M05,95,482,OTHER,correct,
M05,95,456,OTHER,correct,
M05,95,460,OTHER,correct,
M06,55,249,OTHER,correct,
M06,75,366,TARGET,correct,
M06,75,347,TARGET,correct,
M06,75,354,TARGET,correct,
M06,75,353,TARGET,correct,
M06,75,349,TARGET,correct,
M06,75,357,TARGET,correct,
M06,75,356,TARGET,correct,
M06,75,364,OTHER,correct,
M06,75,355,OTHER,correct,
M06,75,385,OTHER,correct,
M06,75,382,OTHER,correct,
M06,75,310,OTHER,correct,
M06,75,377,OTHER,correct,
M06,75,325,OTHER,correct,
M06,75,306,OTHER,correct,
M06,75,351,OTHER,correct,
M06,75,352,OTHER,correct,
M06,75,376,OTHER,correct,
M06,95,473,TARGET,correct,
M06,95,406,TARGET,correct,
M06,95,409,TARGET,correct,
M06,95,479,TARGET,correct,
M06,95,475,OTHER,correct,
M07,55,279,TARGET,correct,
M07,55,264,TARGET,correct,
M07,55,252,TARGET,correct,
M07,55,273,TARGET,correct,
M07,55,233,TARGET,correct,
M07,55,251,OTHER,correct,
M07,55,263,OTHER,correct,
M07,55,234,OTHER,correct,
M07,55,184,OTHER,correct,
M07,75,395,TARGET,correct,
M07,75,424,OTHER,correct,
M07,75,429,OTHER,correct,
M07,75,390,OTHER,correct,
M07,95,505,TARGET,correct,
M07,95,493,TARGET,correct,
M07,95,424,TARGET,correct,track id reassigned to white player
M07,95,498,OTHER,correct,
M07,95,496,OTHER,correct,
M07,95,509,OTHER,correct,
M08,55,270,TARGET,wrong,opponent teal kit labeled target (11 s after kickoff)
M08,55,378,OTHER,correct,
M08,55,370,OTHER,correct,
M08,55,363,OTHER,wrong,own white kit labeled opponent (11 s after kickoff)
M08,55,351,OTHER,wrong,own white kit labeled opponent (11 s after kickoff)
M08,75,456,TARGET,correct,
M08,75,455,TARGET,correct,
M08,75,463,TARGET,correct,
M08,75,451,TARGET,correct,
M08,75,447,TARGET,correct,
M08,75,449,TARGET,correct,
M08,75,448,TARGET,correct,
M08,75,458,TARGET,correct,
M08,75,452,TARGET,correct,
M08,75,457,TARGET,correct,
M08,75,465,TARGET,wrong,referee hi-vis labeled target
M08,75,450,OTHER,correct,
M08,75,454,OTHER,correct,
M08,75,460,OTHER,correct,
M08,75,461,OTHER,correct,
M08,75,467,OTHER,correct,
M08,75,471,OTHER,correct,
M11,55,63,OTHER,correct,
M11,75,69,TARGET,correct,
M11,75,99,TARGET,correct,
M11,75,78,TARGET,correct,
M11,75,85,OTHER,correct,
M11,75,61,OTHER,wrong,own black kit (KLG visible) labeled opponent
M11,95,69,TARGET,correct,
M11,95,61,OTHER,wrong,own black kit labeled opponent (same track, later frame)
